<?xml version="1.0" encoding="UTF-8" ?>
<!-- Generated by Oracle SOA Modeler version 11.1.1.7.0 at [1/18/14 11:16 AM]. -->
<composite name="HumanTaskPrj"
           revision="1.0"
           label="2014-01-18_11-16-51_851"
           mode="active"
           state="on"
           xmlns="http://xmlns.oracle.com/sca/1.0"
           xmlns:xs="http://www.w3.org/2001/XMLSchema"
           xmlns:wsp="http://schemas.xmlsoap.org/ws/2004/09/policy"
           xmlns:orawsp="http://schemas.oracle.com/ws/2006/01/policy"
           xmlns:ui="http://xmlns.oracle.com/soa/designer/">
  <import namespace="http://xmlns.oracle.com/bpel/workflow/taskService"
          location="oramds:/soa/shared/workflow/TaskServiceInterface.wsdl"
          importType="wsdl"/>
  <import namespace="http://xmlns.oracle.com/bpel/workflow/taskDecision/ComplexTaskRules_LineItemParticipantDerivationRule"
          location="ComplexTaskRules_LineItemParticipantDerivationRule.wsdl"
          importType="wsdl"/>
  <property name="productVersion" type="xs:string" many="false">11.1.1.7.0</property>
  <component name="ComplexTask">
    <implementation.workflow src="ComplexTask.task"/>
  </component>
  <component name="GroupVoteTask">
    <implementation.workflow src="GroupVoteTask.task"/>
  </component>
  <component name="ManagementTask">
    <implementation.workflow src="ManagementTask.task"/>
  </component>
  <component name="UserTask">
    <implementation.workflow src="UserTask.task"/>
  </component>
  <component name="FYITask">
    <implementation.workflow src="FYITask.task"/>
  </component>
  <component name="InitiatorTask">
    <implementation.workflow src="InitiatorTask.task"/>
  </component>
  <component name="SalesQuoteProcess">
    <implementation.bpmn src="processes/SalesQuoteProcess.bpmn"/>
    <property name="bpel.config.oneWayDeliveryPolicy" type="xs:string"
              many="false">sync</property>
    <property name="bpel.config.transaction" type="xs:string" many="false">required</property>
  </component>
  <component name="ComplexTaskRules">
    <implementation.decision src="ComplexTaskRules.decs"/>
  </component>
  <wire>
    <source.uri>SalesQuoteProcess/HumanTasks.ComplexTask.reference</source.uri>
    <target.uri>ComplexTask/TaskService</target.uri>
  </wire>
  <wire>
    <source.uri>SalesQuoteProcess/HumanTasks.GroupVoteTask.reference</source.uri>
    <target.uri>GroupVoteTask/TaskService</target.uri>
  </wire>
  <wire>
    <source.uri>SalesQuoteProcess/HumanTasks.ManagementTask.reference</source.uri>
    <target.uri>ManagementTask/TaskService</target.uri>
  </wire>
  <wire>
    <source.uri>SalesQuoteProcess/HumanTasks.UserTask.reference</source.uri>
    <target.uri>UserTask/TaskService</target.uri>
  </wire>
  <wire>
    <source.uri>SalesQuoteProcess/HumanTasks.FYITask.reference</source.uri>
    <target.uri>FYITask/TaskService</target.uri>
  </wire>
  <wire>
    <source.uri>SalesQuoteProcess/HumanTasks.InitiatorTask.reference</source.uri>
    <target.uri>InitiatorTask/TaskService</target.uri>
  </wire>
  <wire>
    <source.uri>ComplexTask/ComplexTaskRules_LineItemParticipantDerivationRule</source.uri>
    <target.uri>ComplexTaskRules/ComplexTaskRules_LineItemParticipantDerivationRule</target.uri>
  </wire>
</composite>
