<?xml version="1.0" encoding="UTF-8" standalone="yes"?>
<?oracleBPM version="11.1.1.7.0.0.8" fileRevision="20090820"?>
<ns1:organization xmlns:ns2="http://xmlns.oracle.com/bpm/lpg/peopleQuery" xmlns:ns1="http://xmlns.oracle.com/bpm/organization" xmlns:ns4="http://xmlns.oracle.com/bpel/workflow/task" xmlns:ns3="http://xmlns.oracle.com/bpel/workflow/taskQuery" xmlns:ns5="http://xmlns.oracle.com/bpm/identity">
    <ns1:updateExistingObjects>false</ns1:updateExistingObjects>
    <ns1:organizationalUnits/>
    <ns1:applicationRoles>
        <ns1:applicationRole id="HumanTaskPrj.ProcessOwner" isProcessRole="false">
            <ns5:name>HumanTaskPrj.Process Owner</ns5:name>
            <ns1:member type="USER">
                <ns1:name>orderadmin</ns1:name>
            </ns1:member>
            <ns1:processRole id="ProcessOwner" name="Process Owner"/>
        </ns1:applicationRole>
        <ns1:applicationRole id="HumanTaskPrj.SalesRepresentative" isProcessRole="true">
            <ns5:name>HumanTaskPrj.SalesRepresentative</ns5:name>
            <ns1:member type="USER">
                <ns1:name>salesrep</ns1:name>
            </ns1:member>
            <ns1:processRole id="SalesRepresentative" name="SalesRepresentative"/>
        </ns1:applicationRole>
    </ns1:applicationRoles>
    <ns1:applicationRoleOrgUnitCalendarAssociations/>
    <ns1:participantPropertiesList>
        <ns1:participantProperties>
            <ns1:participantProperty localizedName="ESCALATIONPATH" name="ESCALATIONPATH" ns1:propertyType="FREEFORM_STRING">
                <ns1:value xsi:type="xs:string" xmlns:xs="http://www.w3.org/2001/XMLSchema" xmlns:xsi="http://www.w3.org/2001/XMLSchema-instance">USER:orderadmin</ns1:value>
                <ns1:createdDate>2014-01-18T11:56:34.536-05:00</ns1:createdDate>
                <ns1:lastUpdatedDate>2014-01-18T11:56:55.356-05:00</ns1:lastUpdatedDate>
                <ns1:isMultiValued>false</ns1:isMultiValued>
                <ns1:localizedValue xsi:type="xs:string" xmlns:xs="http://www.w3.org/2001/XMLSchema" xmlns:xsi="http://www.w3.org/2001/XMLSchema-instance">USER:orderadmin</ns1:localizedValue>
            </ns1:participantProperty>
            <ns1:participant type="APPROLE">
                <ns1:name>HumanTaskPrj.Process Owner</ns1:name>
            </ns1:participant>
        </ns1:participantProperties>
    </ns1:participantPropertiesList>
    <ns1:holidayRules/>
    <ns1:calendarRules/>
</ns1:organization>