<?xml version="1.0" encoding="UTF-8" standalone="yes"?>
<?oracleBPM version="11.1.1.7.0.0.8" fileRevision="20120217"?>
<processDocumentation xmlns="http://xmlns.oracle.com/bpm/taskMetadataService/processDocumentation">
    <component name="SalesQuoteProcess">
        <topicDocumentations>
            <topicDocumentation name="SalesQuoteProcess">
                <descriptions>
                    <description locale="en">SalesQuoteProcess</description>
                </descriptions>
            </topicDocumentation>
            <topicDocumentation name="ACT8846975707896">
                <labels>
                    <label locale="en">ComplexTask</label>
                </labels>
                <descriptions>
                    <description locale="en"></description>
                </descriptions>
            </topicDocumentation>
            <topicDocumentation name="ACT8855161544050">
                <labels>
                    <label locale="en">GroupVoteTask</label>
                </labels>
                <descriptions>
                    <description locale="en"></description>
                </descriptions>
            </topicDocumentation>
            <topicDocumentation name="ACT8855183739152">
                <labels>
                    <label locale="en">ManagementTask</label>
                </labels>
                <descriptions>
                    <description locale="en"></description>
                </descriptions>
            </topicDocumentation>
            <topicDocumentation name="ACT8855199677570">
                <labels>
                    <label locale="en">UserTask</label>
                </labels>
                <descriptions>
                    <description locale="en"></description>
                </descriptions>
            </topicDocumentation>
            <topicDocumentation name="ACT8855216308239">
                <labels>
                    <label locale="en">FYITask</label>
                </labels>
                <descriptions>
                    <description locale="en"></description>
                </descriptions>
            </topicDocumentation>
            <topicDocumentation name="ACT885830821180">
                <labels>
                    <label locale="en">InitiatorTask</label>
                </labels>
                <descriptions>
                    <description locale="en"></description>
                </descriptions>
            </topicDocumentation>
            <topicDocumentation name="EVT8846956759922">
                <labels>
                    <label locale="en">End</label>
                </labels>
                <descriptions>
                    <description locale="en"></description>
                </descriptions>
            </topicDocumentation>
            <topicDocumentation name="EVT8858325759969">
                <labels>
                    <label locale="en">Start</label>
                </labels>
                <descriptions>
                    <description locale="en"></description>
                </descriptions>
            </topicDocumentation>
            <topicDocumentation name="sf6"/>
            <topicDocumentation name="sf12"/>
            <topicDocumentation name="sf16"/>
            <topicDocumentation name="sf18"/>
            <topicDocumentation name="sf20"/>
            <topicDocumentation name="sf22"/>
            <topicDocumentation name="sf24"/>
        </topicDocumentations>
    </component>
</processDocumentation>