<?xml version="1.0" encoding="UTF-8" ?>
<!-- Generated by Oracle SOA Modeler version 11.1.1.7.0 at [11/12/13 3:00 PM]. -->
<composite name="CreditValidationService"
           revision="1.0"
           label="2013-11-12_15-00-00_709"
           mode="active"
           state="on"
           xmlns="http://xmlns.oracle.com/sca/1.0"
           xmlns:xs="http://www.w3.org/2001/XMLSchema"
           xmlns:wsp="http://schemas.xmlsoap.org/ws/2004/09/policy"
           xmlns:orawsp="http://schemas.oracle.com/ws/2006/01/policy"
           xmlns:ui="http://xmlns.oracle.com/soa/designer/">
  <import namespace="http://xmlns.oracle.com/ExceptionHandlingApps/CreditValidationService/CreditValidationService"
          location="CreditValidationService.wsdl" importType="wsdl"/>
  <service name="creditvalidationservice_client_ep"
           ui:wsdlLocation="CreditValidationService.wsdl">
    <interface.wsdl interface="http://xmlns.oracle.com/ExceptionHandlingApps/CreditValidationService/CreditValidationService#wsdl.interface(CreditValidationService)"/>
    <binding.ws port="http://xmlns.oracle.com/ExceptionHandlingApps/CreditValidationService/CreditValidationService#wsdl.endpoint(creditvalidationservice_client_ep/CreditValidationService_pt)"/>
  </service>
  <property name="productVersion" type="xs:string" many="false">11.1.1.7.0</property>
  <component name="CreditValidationService" version="1.1">
    <implementation.bpel src="CreditValidationService.bpel"/>
    <property name="bpel.config.transaction" type="xs:string" many="false">required</property>
    <property name="bpel.config.oneWayDeliveryPolicy" type="xs:string"
              many="false">async.persist</property>
  </component>
  <wire>
    <source.uri>creditvalidationservice_client_ep</source.uri>
    <target.uri>CreditValidationService/creditvalidationservice_client</target.uri>
  </wire>
</composite>
