<?xml version="1.0" encoding="UTF-8" ?>
<!-- Generated by Oracle SOA Modeler version 11.1.1.7.0 at [12/11/13 4:49 PM]. -->
<composite name="ReusableCaller"
           revision="1.1"
           label="2013-12-11_16-49-43_119"
           mode="active"
           state="on"
           xmlns="http://xmlns.oracle.com/sca/1.0"
           xmlns:xs="http://www.w3.org/2001/XMLSchema"
           xmlns:wsp="http://schemas.xmlsoap.org/ws/2004/09/policy"
           xmlns:orawsp="http://schemas.oracle.com/ws/2006/01/policy"
           xmlns:ui="http://xmlns.oracle.com/soa/designer/">
  <import namespace="http://xmlns.oracle.com/bpmn/bpmnProcess/ReusableCaller"
          location="ReusableCaller.wsdl" importType="wsdl"/>
  <import namespace="http://xmlns.oracle.com/ExceptionHandlingApps/CreditValidationService/CreditValidationService"
          location="http://VIACHARY-US:8001/soa-infra/services/default/CreditValidationService/CreditValidationService.wsdl"
          importType="wsdl"/>
  <import namespace="http://xmlns.oracle.com/bpmn/bpmnProcess/ValidationProcess"
          location="ValidationProcess.wsdl" importType="wsdl"/>
  <import namespace="http://xmlns.oracle.com/bpel/workflow/taskService"
          location="oramds:/soa/shared/workflow/TaskServiceInterface.wsdl"
          importType="wsdl"/>
  <service name="ValidationProcess.service"
           ui:wsdlLocation="ValidationProcess.wsdl">
    <interface.wsdl interface="http://xmlns.oracle.com/bpmn/bpmnProcess/ValidationProcess#wsdl.interface(ValidationProcessPortType)"
                    callbackInterface="http://xmlns.oracle.com/bpmn/bpmnProcess/ValidationProcess#wsdl.interface(ValidationProcessPortTypeCallBack)"/>
    <binding.ws port="http://xmlns.oracle.com/bpmn/bpmnProcess/ValidationProcess#wsdl.endpoint(ValidationProcess.service/ValidationProcessPort)"/>
    <callback>
      <binding.ws port="http://xmlns.oracle.com/bpmn/bpmnProcess/ValidationProcess#wsdl.endpoint(ValidationProcess.service/ValidationProcessPortTypeCallBack_pt)"/>
    </callback>
  </service>
  <service name="ReusableCaller.service" ui:wsdlLocation="ReusableCaller.wsdl">
    <interface.wsdl interface="http://xmlns.oracle.com/bpmn/bpmnProcess/ReusableCaller#wsdl.interface(ReusableCallerPortType)"
                    callbackInterface="http://xmlns.oracle.com/bpmn/bpmnProcess/ReusableCaller#wsdl.interface(ReusableCallerPortTypeCallBack)"/>
    <binding.ws port="http://xmlns.oracle.com/bpmn/bpmnProcess/ReusableCaller#wsdl.endpoint(ReusableCaller.service/ReusableCallerPort)"/>
    <callback>
      <binding.ws port="http://xmlns.oracle.com/bpmn/bpmnProcess/ReusableCaller#wsdl.endpoint(ReusableCaller.service/ReusableCallerPortTypeCallBack_pt)"/>
    </callback>
  </service>
  <property name="productVersion" type="xs:string" many="false">11.1.1.7.0</property>
  <component name="ReusableCaller">
    <implementation.bpmn src="processes/ReusableCaller.bpmn"/>
  </component>
  <component name="ValidationProcess">
    <implementation.bpmn src="processes/ValidationProcess.bpmn"/>
  </component>
  <component name="ApplicationVerificationTask">
    <implementation.workflow src="ApplicationVerificationTask.task"/>
  </component>
  <component name="Employmentverify">
    <implementation.workflow src="Employmentverify.task"/>
  </component>
  <component name="CardVerify">
    <implementation.workflow src="CardVerify.task"/>
  </component>
  <component name="AddressVerify">
    <implementation.workflow src="AddressVerify.task"/>
  </component>
  <reference name="CreditValidationService"
             ui:wsdlLocation="http://VIACHARY-US:8001/soa-infra/services/default/CreditValidationService/CreditValidationService.wsdl">
    <interface.wsdl interface="http://xmlns.oracle.com/ExceptionHandlingApps/CreditValidationService/CreditValidationService#wsdl.interface(CreditValidationService)"/>
    <binding.ws port="http://xmlns.oracle.com/ExceptionHandlingApps/CreditValidationService/CreditValidationService#wsdl.endpoint(creditvalidationservice_client_ep/CreditValidationService_pt)"
                location="http://viachary-us:8001/soa-infra/services/default/CreditValidationService/creditvalidationservice_client_ep?WSDL"
                soapVersion="1.1">
      <property name="weblogic.wsee.wsat.transaction.flowOption"
                type="xs:string" many="false">WSDLDriven</property>
    </binding.ws>
  </reference>
  <wire>
    <source.uri>ReusableCaller/ValidationProcess.reference</source.uri>
    <target.uri>ValidationProcess/ValidationProcess.service</target.uri>
  </wire>
  <wire>
    <source.uri>ReusableCaller/HumanTasks.ApplicationVerificationTask.reference</source.uri>
    <target.uri>ApplicationVerificationTask/TaskService</target.uri>
  </wire>
  <wire>
    <source.uri>ReusableCaller/HumanTasks.AddressVerify.reference</source.uri>
    <target.uri>AddressVerify/TaskService</target.uri>
  </wire>
  <wire>
    <source.uri>ReusableCaller/HumanTasks.CardVerify.reference</source.uri>
    <target.uri>CardVerify/TaskService</target.uri>
  </wire>
  <wire>
    <source.uri>ReusableCaller/HumanTasks.Employmentverify.reference</source.uri>
    <target.uri>Employmentverify/TaskService</target.uri>
  </wire>
  <wire>
    <source.uri>ReusableCaller/Services.Externals.CreditValidationService.reference</source.uri>
    <target.uri>CreditValidationService</target.uri>
  </wire>
  <wire>
    <source.uri>ValidationProcess.service</source.uri>
    <target.uri>ValidationProcess/ValidationProcess.service</target.uri>
  </wire>
  <wire>
    <source.uri>ReusableCaller.service</source.uri>
    <target.uri>ReusableCaller/ReusableCaller.service</target.uri>
  </wire>
</composite>
