<?xml version="1.0" encoding="UTF-8" standalone="yes"?>
<?oracleBPM version="11.1.1.7.0.0.8" fileRevision="20120217"?>
<processDocumentation xmlns="http://xmlns.oracle.com/bpm/taskMetadataService/processDocumentation">
    <component name="ReusableProcess">
        <topicDocumentations>
            <topicDocumentation name="ReusableProcess">
                <descriptions>
                    <description locale="en">ReusableProcess</description>
                </descriptions>
            </topicDocumentation>
            <topicDocumentation name="ACT8536565444728">
                <labels>
                    <label locale="en">Assign</label>
                </labels>
                <descriptions>
                    <description locale="en"></description>
                </descriptions>
            </topicDocumentation>
            <topicDocumentation name="EVT852063939315">
                <labels>
                    <label locale="en">Start</label>
                </labels>
                <descriptions>
                    <description locale="en"></description>
                </descriptions>
            </topicDocumentation>
            <topicDocumentation name="EVT8520639393164">
                <labels>
                    <label locale="en">Error</label>
                </labels>
                <descriptions>
                    <description locale="en"></description>
                </descriptions>
            </topicDocumentation>
            <topicDocumentation name="EVT8536503066283">
                <labels>
                    <label locale="en">Complete</label>
                </labels>
                <descriptions>
                    <description locale="en"></description>
                </descriptions>
            </topicDocumentation>
            <topicDocumentation name="EVT8536504831349">
                <labels>
                    <label locale="en">Terminate</label>
                </labels>
                <descriptions>
                    <description locale="en"></description>
                </descriptions>
            </topicDocumentation>
            <topicDocumentation name="EVT8536714983180">
                <labels>
                    <label locale="en">Wait</label>
                </labels>
                <descriptions>
                    <description locale="en"></description>
                </descriptions>
            </topicDocumentation>
            <topicDocumentation name="GTW8536483355289">
                <labels>
                    <label locale="en">CheckIN?</label>
                </labels>
                <descriptions>
                    <description locale="en"></description>
                </descriptions>
            </topicDocumentation>
            <topicDocumentation name="sf208"/>
            <topicDocumentation name="sf77">
                <descriptions>
                    <description locale="en"></description>
                </descriptions>
            </topicDocumentation>
            <topicDocumentation name="sf79">
                <descriptions>
                    <description locale="en"></description>
                </descriptions>
            </topicDocumentation>
            <topicDocumentation name="sf81">
                <descriptions>
                    <description locale="en"></description>
                </descriptions>
            </topicDocumentation>
            <topicDocumentation name="sf84"/>
            <topicDocumentation name="sf85"/>
        </topicDocumentations>
    </component>
</processDocumentation>