<?xml version="1.0" encoding="UTF-8" ?>
<!-- Generated by Oracle SOA Modeler version 11.1.1.7.0 at [10/28/13 2:00 PM]. -->
<composite name="FraudCheck"
           revision="1.0"
           label="2013-10-28_14-00-52_128"
           mode="active"
           state="on"
           xmlns="http://xmlns.oracle.com/sca/1.0"
           xmlns:xs="http://www.w3.org/2001/XMLSchema"
           xmlns:wsp="http://schemas.xmlsoap.org/ws/2004/09/policy"
           xmlns:orawsp="http://schemas.oracle.com/ws/2006/01/policy"
           xmlns:ui="http://xmlns.oracle.com/soa/designer/">
  <import namespace="http://xmlns.oracle.com/LoanOriginationApp/FraudCheck/FraudCheck"
          location="FraudCheck.wsdl" importType="wsdl"/>
  <service name="fraudcheck_client_ep" ui:wsdlLocation="FraudCheck.wsdl">
    <interface.wsdl interface="http://xmlns.oracle.com/LoanOriginationApp/FraudCheck/FraudCheck#wsdl.interface(FraudCheck)"
                    callbackInterface="http://xmlns.oracle.com/LoanOriginationApp/FraudCheck/FraudCheck#wsdl.interface(FraudCheckCallback)"/>
    <binding.ws port="http://xmlns.oracle.com/LoanOriginationApp/FraudCheck/FraudCheck#wsdl.endpoint(fraudcheck_client_ep/FraudCheck_pt)"/>
    <callback>
      <binding.ws port="http://xmlns.oracle.com/LoanOriginationApp/FraudCheck/FraudCheck#wsdl.endpoint(fraudcheck_client_ep/FraudCheckCallback_pt)"/>
    </callback>
  </service>
  <property name="productVersion" type="xs:string" many="false">11.1.1.7.0</property>
  <component name="FraudCheck" version="2.0">
    <implementation.bpel src="FraudCheck.bpel"/>
    <property name="bpel.config.oneWayDeliveryPolicy" type="xs:string"
              many="false">async.persist</property>
  </component>
  <wire>
    <source.uri>fraudcheck_client_ep</source.uri>
    <target.uri>FraudCheck/fraudcheck_client</target.uri>
  </wire>
</composite>
