<?xml version = '1.0' encoding = 'UTF-8'?>
<Faults>
   <Fault>
      <severity>warning</severity>
      <loc/>
      <line/>
      <col/>
      <file>Employmentverify.task</file>
      <name>Employmentverify.task</name>
      <fix/>
      <msg>Error assignee not specified</msg>
   </Fault>
   <Fault>
      <severity>warning</severity>
      <loc/>
      <line/>
      <col/>
      <file>AddressVerify.task</file>
      <name>AddressVerify.task</name>
      <fix/>
      <msg>Error assignee not specified</msg>
   </Fault>
   <Fault>
      <severity>warning</severity>
      <loc/>
      <line/>
      <col/>
      <file>CardVerify.task</file>
      <name>CardVerify.task</name>
      <fix/>
      <msg>Error assignee not specified</msg>
   </Fault>
   <Fault>
      <severity>warning</severity>
      <loc/>
      <line/>
      <col/>
      <file>ApplicationVerificationTask.task</file>
      <name>ApplicationVerificationTask.task</name>
      <fix/>
      <msg>Error assignee not specified</msg>
   </Fault>
</Faults>
