<?xml version="1.0" encoding="UTF-8" standalone="yes"?>
<?oracleBPM version="12.1.3.0.0.00.00" fileRevision="20120601"?>
<processDocumentation xmlns="http://xmlns.oracle.com/bpm/taskMetadataService/processDocumentation">
   <component name="BackOffice">
      <topicDocumentations>
         <topicDocumentation name="BackOffice">
            <descriptions>
               <description locale="en">BackOffice</description>
            </descriptions>
         </topicDocumentation>
         <topicDocumentation name="ACT8138444078230">
            <labels>
               <label locale="en">SomeOtherActivities</label>
            </labels>
            <descriptions>
               <description locale="en"></description>
            </descriptions>
         </topicDocumentation>
         <topicDocumentation name="EVT8138440220613">
            <labels>
               <label locale="en">StartBO</label>
            </labels>
            <descriptions>
               <description locale="en"></description>
            </descriptions>
         </topicDocumentation>
         <topicDocumentation name="EVT8138440220784">
            <labels>
               <label locale="en">EndBO</label>
            </labels>
            <descriptions>
               <description locale="en"></description>
            </descriptions>
         </topicDocumentation>
         <topicDocumentation name="EVT8138462825723">
            <labels>
               <label locale="en">RequestLoanOrigination</label>
            </labels>
            <descriptions>
               <description locale="en"></description>
            </descriptions>
         </topicDocumentation>
         <topicDocumentation name="EVT8138467010524">
            <labels>
               <label locale="en">RespLoanOrigination</label>
            </labels>
            <descriptions>
               <description locale="en"></description>
            </descriptions>
         </topicDocumentation>
         <topicDocumentation name="EVT8140657105161">
            <labels>
               <label locale="en">StartFeedback</label>
            </labels>
            <descriptions>
               <description locale="en"></description>
            </descriptions>
         </topicDocumentation>
         <topicDocumentation name="EVT8140719146027">
            <labels>
               <label locale="en">GetFeedbackDetails</label>
            </labels>
            <descriptions>
               <description locale="en"></description>
            </descriptions>
         </topicDocumentation>
         <topicDocumentation name="EVT8157533711728">
            <labels>
               <label locale="en">CatchCancelLoan</label>
            </labels>
            <descriptions>
               <description locale="en"></description>
            </descriptions>
         </topicDocumentation>
         <topicDocumentation name="GTW8157516487158">
            <labels>
               <label locale="en">EventBasedGateway</label>
            </labels>
            <descriptions>
               <description locale="en"></description>
            </descriptions>
         </topicDocumentation>
         <topicDocumentation name="sf14"/>
         <topicDocumentation name="sf16"/>
         <topicDocumentation name="sf19"/>
         <topicDocumentation name="sf20"/>
         <topicDocumentation name="sf103"/>
         <topicDocumentation name="sf110"/>
         <topicDocumentation name="sf123"/>
         <topicDocumentation name="sf124"/>
         <topicDocumentation name="sf130"/>
      </topicDocumentations>
   </component>
</processDocumentation>