<?xml version="1.0" encoding="UTF-8" standalone="yes"?>
<projectInfo projectVersion="20120601" fileVersion="20120601" xmlns:ns2="http://www.omg.org/spec/BPMN/20100524/MODEL" xmlns="http://xmlns.oracle.com/ProjectInfoDefinition" xmlns:ns4="http://www.omg.org/spec/DD/20100524/DC" xmlns:ns3="http://www.omg.org/spec/DD/20100524/DI" xmlns:ns5="http://www.omg.org/spec/BPMN/20100524/DI" xmlns:ns6="http://xmlns.oracle.com/bpm/OracleExtensions">
    <localizedProjectNames>
        <localizedProjectName name="LoanOriginationProject" locale="en_US"/>
    </localizedProjectNames>
    <preferences isTemplate="false">
        <languages default="en" availables="en"/>
        <tags>
            <tag id="default" color="#000000" type="USER"/>
        </tags>
    </preferences>
</projectInfo>
