<?xml version="1.0" encoding="UTF-8" ?>
<!-- Generated by Oracle SOA Modeler version 11.1.1.7.0 at [11/12/13 1:05 PM]. -->
<composite name="ValidationPrj"
           revision="1.0"
           label="2013-11-12_13-05-24_028"
           mode="active"
           state="on"
           xmlns="http://xmlns.oracle.com/sca/1.0"
           xmlns:xs="http://www.w3.org/2001/XMLSchema"
           xmlns:wsp="http://schemas.xmlsoap.org/ws/2004/09/policy"
           xmlns:orawsp="http://schemas.oracle.com/ws/2006/01/policy"
           xmlns:ui="http://xmlns.oracle.com/soa/designer/">
  <import namespace="http://xmlns.oracle.com/ExceptionHandlingApps/ValidationPrj/ValidationProcess"
          location="ValidationProcess.wsdl" importType="wsdl"/>
  <service name="validationprocess_client_ep"
           ui:wsdlLocation="ValidationProcess.wsdl">
    <interface.wsdl interface="http://xmlns.oracle.com/ExceptionHandlingApps/ValidationPrj/ValidationProcess#wsdl.interface(ValidationProcess)"/>
    <binding.ws port="http://xmlns.oracle.com/ExceptionHandlingApps/ValidationPrj/ValidationProcess#wsdl.endpoint(validationprocess_client_ep/ValidationProcess_pt)"/>
  </service>
  <property name="productVersion" type="xs:string" many="false">11.1.1.7.0</property>
  <component name="ValidationProcess" version="2.0">
    <implementation.bpel src="ValidationProcess.bpel"/>
    <property name="bpel.config.transaction" type="xs:string" many="false">required</property>
    <property name="bpel.config.oneWayDeliveryPolicy" type="xs:string"
              many="false">async.persist</property>
  </component>
  <wire>
    <source.uri>validationprocess_client_ep</source.uri>
    <target.uri>ValidationProcess/validationprocess_client</target.uri>
  </wire>
</composite>
