<?xml version="1.0" encoding="UTF-8" standalone="yes"?>
<?oracleBPM version="11.1.1.7.0.0.8" fileRevision="20120217"?>
<processDocumentation xmlns="http://xmlns.oracle.com/bpm/taskMetadataService/processDocumentation">
    <component name="CheckLoanStatus">
        <topicDocumentations>
            <topicDocumentation name="CheckLoanStatus">
                <descriptions>
                    <description locale="en">CheckLoanStatus</description>
                </descriptions>
            </topicDocumentation>
            <topicDocumentation name="EVT8202379313812">
                <labels>
                    <label locale="en">Start</label>
                </labels>
                <descriptions>
                    <description locale="en"></description>
                </descriptions>
            </topicDocumentation>
            <topicDocumentation name="EVT8202379313834">
                <labels>
                    <label locale="en">End</label>
                </labels>
                <descriptions>
                    <description locale="en"></description>
                </descriptions>
            </topicDocumentation>
            <topicDocumentation name="ACT8202639352717">
                <labels>
                    <label locale="en">SendTask</label>
                </labels>
                <descriptions>
                    <description locale="en"></description>
                </descriptions>
            </topicDocumentation>
            <topicDocumentation name="ACT8202643521011">
                <labels>
                    <label locale="en">ReceiveTask</label>
                </labels>
                <descriptions>
                    <description locale="en"></description>
                </descriptions>
            </topicDocumentation>
            <topicDocumentation name="sf183"/>
            <topicDocumentation name="sf187"/>
            <topicDocumentation name="sf188"/>
        </topicDocumentations>
    </component>
</processDocumentation>