<?xml version="1.0" encoding="UTF-8" standalone="yes"?>
<?oracleBPM version="11.1.1.7.0.0.8" fileRevision="20120217"?>
<processDocumentation xmlns="http://xmlns.oracle.com/bpm/taskMetadataService/processDocumentation">
    <component name="FraudIntruption">
        <topicDocumentations>
            <topicDocumentation name="FraudIntruption">
                <descriptions>
                    <description locale="en">FraudIntruption</description>
                </descriptions>
            </topicDocumentation>
            <topicDocumentation name="ACT8139182171340">
                <labels>
                    <label locale="en">SomeActivity</label>
                </labels>
                <descriptions>
                    <description locale="en"></description>
                </descriptions>
            </topicDocumentation>
            <topicDocumentation name="ACT8139183863569">
                <labels>
                    <label locale="en">Assignment</label>
                </labels>
                <descriptions>
                    <description locale="en"></description>
                </descriptions>
            </topicDocumentation>
            <topicDocumentation name="EVT8139176061398">
                <labels>
                    <label locale="en">Start</label>
                </labels>
                <descriptions>
                    <description locale="en"></description>
                </descriptions>
            </topicDocumentation>
            <topicDocumentation name="EVT8139176061496">
                <labels>
                    <label locale="en">End</label>
                </labels>
                <descriptions>
                    <description locale="en"></description>
                </descriptions>
            </topicDocumentation>
            <topicDocumentation name="sf69"/>
            <topicDocumentation name="sf71"/>
            <topicDocumentation name="sf72"/>
        </topicDocumentations>
    </component>
</processDocumentation>