<?xml version="1.0" encoding="UTF-8" standalone="yes"?>
<?oracleBPM version="11.1.1.6.0.15.53" fileRevision="20110706"?>
<processDocumentation xmlns="http://xmlns.oracle.com/bpm/taskMetadataService/processDocumentation">
    <component name="LOutilityProcess">
        <topicDocumentations>
            <topicDocumentation name="LOutilityProcess">
                <descriptions>
                    <description locale="en">LOutilityProcess</description>
                </descriptions>
            </topicDocumentation>
            <topicDocumentation name="ACT8138549052420">
                <labels>
                    <label locale="en">Assignment</label>
                </labels>
                <descriptions>
                    <description locale="en"></description>
                </descriptions>
            </topicDocumentation>
            <topicDocumentation name="ACT8148928169169">
                <labels>
                    <label locale="en">AllOtherActivities</label>
                </labels>
                <descriptions>
                    <description locale="en"></description>
                </descriptions>
            </topicDocumentation>
            <topicDocumentation name="EVT8148928386433">
                <labels>
                    <label locale="en">Start1</label>
                </labels>
            </topicDocumentation>
            <topicDocumentation name="EVT8148928386525">
                <labels>
                    <label locale="en">End1</label>
                </labels>
            </topicDocumentation>
            <topicDocumentation name="sf132"/>
            <topicDocumentation name="EVT8138538688581">
                <labels>
                    <label locale="en">Start</label>
                </labels>
                <descriptions>
                    <description locale="en"></description>
                </descriptions>
            </topicDocumentation>
            <topicDocumentation name="EVT8138538688533">
                <labels>
                    <label locale="en">End</label>
                </labels>
                <descriptions>
                    <description locale="en"></description>
                </descriptions>
            </topicDocumentation>
            <topicDocumentation name="sf28"/>
            <topicDocumentation name="sf30"/>
            <topicDocumentation name="sf133"/>
        </topicDocumentations>
    </component>
</processDocumentation>