<?xml version="1.0" encoding="UTF-8" ?>
<!-- Generated by Oracle SOA Modeler version 12.1.3.0.0 at [7/1/14 11:16 PM]. -->
<composite name="FraudCheckPrj"
           revision="1.0"
           label="2014-07-01_23-16-12_334"
           mode="active"
           state="on"
           xmlns="http://xmlns.oracle.com/sca/1.0"
           xmlns:xs="http://www.w3.org/2001/XMLSchema"
           xmlns:wsp="http://schemas.xmlsoap.org/ws/2004/09/policy"
           xmlns:orawsp="http://schemas.oracle.com/ws/2006/01/policy"
           xmlns:ui="http://xmlns.oracle.com/soa/designer/"
           xmlns:sca-ext="http://xmlns.oracle.com/sca/1.0-ext">
  <import namespace="http://xmlns.oracle.com/LoanOriginationApp/FraudCheckPrj/FraudCheck"
          location="WSDLs/FraudCheck.wsdl" importType="wsdl"/>
  <service name="fraudcheck" ui:wsdlLocation="WSDLs/FraudCheck.wsdl">
    <interface.wsdl interface="http://xmlns.oracle.com/LoanOriginationApp/FraudCheckPrj/FraudCheck#wsdl.interface(FraudCheck)"
                    callbackInterface="http://xmlns.oracle.com/LoanOriginationApp/FraudCheckPrj/FraudCheck#wsdl.interface(FraudCheckCallback)"/>
    <binding.ws port="http://xmlns.oracle.com/LoanOriginationApp/FraudCheckPrj/FraudCheck#wsdl.endpoint(fraudcheck_ep/FraudCheck_pt)">
      <property name="weblogic.wsee.wsat.transaction.flowOption" type="xs:string" many="false">NEVER</property>
    </binding.ws>
    <callback>
      <binding.ws port="http://xmlns.oracle.com/LoanOriginationApp/FraudCheckPrj/FraudCheck#wsdl.endpoint(fraudcheck_ep/FraudCheckCallback_pt)"/>
    </callback>
  </service>
  <property name="productVersion" type="xs:string" many="false">12.1.3.0.0</property>
  <property name="compositeID" type="xs:string" many="false">882dc09c-aa16-4d29-8e33-b97a689ac935</property>
  <component name="FraudCheck" version="2.0">
    <implementation.bpel src="BPEL/FraudCheck.bpel"/>
    <componentType>
      <service name="fraudcheck" ui:wsdlLocation="WSDLs/FraudCheck.wsdl">
        <interface.wsdl interface="http://xmlns.oracle.com/LoanOriginationApp/FraudCheckPrj/FraudCheck#wsdl.interface(FraudCheck)"
                        callbackInterface="http://xmlns.oracle.com/LoanOriginationApp/FraudCheckPrj/FraudCheck#wsdl.interface(FraudCheckCallback)"/>
      </service>
    </componentType>
    <property name="bpel.config.oneWayDeliveryPolicy" type="xs:string" many="false">async.persist</property>
  </component>
  <wire>
    <source.uri>fraudcheck</source.uri>
    <target.uri>FraudCheck/fraudcheck</target.uri>
  </wire>
</composite>
