<?xml version = '1.0' encoding = 'UTF-8'?>
<Faults>
   <Fault>
      <severity>warning</severity>
      <loc/>
      <line/>
      <col/>
      <file/>
      <name/>
      <fix/>
      <msg>The conversation Backoffice_LoanOrigination: [LoanOrigination] is not being used by any conversational node</msg>
   </Fault>
   <Fault>
      <severity>warning</severity>
      <loc/>
      <line/>
      <col/>
      <file>AppVerificationTask.task</file>
      <name>AppVerificationTask.task</name>
      <fix/>
      <msg>Error assignee not specified</msg>
   </Fault>
</Faults>
