<?xml version="1.0" encoding="UTF-8" ?>
<!-- Generated by Oracle SOA Modeler version 12.1.3.0.0 at [7/29/14 6:57 PM]. -->
<composite name="CreditValidation"
           revision="1.0"
           label="2014-07-29_18-57-27_617"
           mode="active"
           state="on"
           xmlns="http://xmlns.oracle.com/sca/1.0"
           xmlns:xs="http://www.w3.org/2001/XMLSchema"
           xmlns:wsp="http://schemas.xmlsoap.org/ws/2004/09/policy"
           xmlns:orawsp="http://schemas.oracle.com/ws/2006/01/policy"
           xmlns:ui="http://xmlns.oracle.com/soa/designer/"
           xmlns:sca-ext="http://xmlns.oracle.com/sca/1.0-ext">
  <import namespace="http://xmlns.oracle.com/ExceptionHandlingApps/CreditValidation/CreditValidationService"
          location="WSDLs/CreditValidationService.wsdl" importType="wsdl"/>
  <service name="creditvalidationservice_client_ep" ui:wsdlLocation="WSDLs/CreditValidationService.wsdl">
    <interface.wsdl interface="http://xmlns.oracle.com/ExceptionHandlingApps/CreditValidation/CreditValidationService#wsdl.interface(CreditValidationService)"/>
    <binding.ws port="http://xmlns.oracle.com/ExceptionHandlingApps/CreditValidation/CreditValidationService#wsdl.endpoint(creditvalidationservice_client_ep/CreditValidationService_pt)"/>
  </service>
  <property name="productVersion" type="xs:string" many="false">12.1.3.0.0</property>
  <property name="compositeID" type="xs:string" many="false">72a8c032-df33-444e-a3a2-701f357b7f6e</property>
  <component name="CreditValidationService" version="2.0">
    <implementation.bpel src="BPEL/CreditValidationService.bpel"/>
    <componentType>
      <service name="creditvalidationservice_client" ui:wsdlLocation="WSDLs/CreditValidationService.wsdl">
        <interface.wsdl interface="http://xmlns.oracle.com/ExceptionHandlingApps/CreditValidation/CreditValidationService#wsdl.interface(CreditValidationService)"/>
      </service>
    </componentType>
    <property name="bpel.config.transaction" type="xs:string" many="false">required</property>
  </component>
  <wire>
    <source.uri>creditvalidationservice_client_ep</source.uri>
    <target.uri>CreditValidationService/creditvalidationservice_client</target.uri>
  </wire>
</composite>
