<?xml version="1.0" encoding="UTF-8" ?>
<!-- Generated by Oracle SOA Modeler version 11.1.1.7.0 at [10/28/13 1:16 PM]. -->
<composite name="CreditCheckPrj"
           revision="1.0"
           label="2013-10-28_13-16-52_845"
           mode="active"
           state="on"
           xmlns="http://xmlns.oracle.com/sca/1.0"
           xmlns:xs="http://www.w3.org/2001/XMLSchema"
           xmlns:wsp="http://schemas.xmlsoap.org/ws/2004/09/policy"
           xmlns:orawsp="http://schemas.oracle.com/ws/2006/01/policy"
           xmlns:ui="http://xmlns.oracle.com/soa/designer/">
  <import namespace="http://xmlns.oracle.com/LoanOriginationApp/CreditCheckPrj/CreditCheckService"
          location="CreditCheckService.wsdl" importType="wsdl"/>
  <service name="creditcheckservice_client_ep"
           ui:wsdlLocation="CreditCheckService.wsdl">
    <interface.wsdl interface="http://xmlns.oracle.com/LoanOriginationApp/CreditCheckPrj/CreditCheckService#wsdl.interface(CreditCheckService)"/>
    <binding.ws port="http://xmlns.oracle.com/LoanOriginationApp/CreditCheckPrj/CreditCheckService#wsdl.endpoint(creditcheckservice_client_ep/CreditCheckService_pt)"/>
  </service>
  <property name="originalProductVersion" type="xs:string" many="false">11.1.1.7.0</property>
  <property name="productVersion" type="xs:string" many="false">12.1.3.0.0</property>
  <property name="compositeID" type="xs:string" many="false">19b5113e-4df9-4c8a-a963-2535ab48bf49</property>
  <component name="CreditCheckService" version="2.0">
    <implementation.bpel src="CreditCheckService.bpel"/>
    <componentType xmlns="http://xmlns.oracle.com/sca/1.0" xmlns:xs="http://www.w3.org/2001/XMLSchema"
                   xmlns:ui="http://xmlns.oracle.com/soa/designer/">
      <service name="creditcheckservice_client" ui:wsdlLocation="CreditCheckService.wsdl">
        <interface.wsdl interface="http://xmlns.oracle.com/LoanOriginationApp/CreditCheckPrj/CreditCheckService#wsdl.interface(CreditCheckService)"/>
      </service>
    </componentType>
    <property name="bpel.config.transaction" type="xs:string" many="false">required</property>
    <property name="bpel.config.oneWayDeliveryPolicy" type="xs:string"
              many="false">async.persist</property>
  </component>
  <wire>
    <source.uri>creditcheckservice_client_ep</source.uri>
    <target.uri>CreditCheckService/creditcheckservice_client</target.uri>
  </wire>
</composite>
