<?xml version="1.0" encoding="UTF-8" standalone="yes"?>
<?oracleBPM version="11.1.1.6.0.15.53" fileRevision="20110706"?>
<processDocumentation xmlns="http://xmlns.oracle.com/bpm/taskMetadataService/processDocumentation">
    <component name="CatchFraudDetails">
        <topicDocumentations>
            <topicDocumentation name="CatchFraudDetails">
                <descriptions>
                    <description locale="en">CatchFraudDetails</description>
                </descriptions>
            </topicDocumentation>
            <topicDocumentation name="ACT8141952984288">
                <labels>
                    <label locale="en">SomeActivity</label>
                </labels>
                <descriptions>
                    <description locale="en"></description>
                </descriptions>
            </topicDocumentation>
            <topicDocumentation name="EVT8141949530255">
                <labels>
                    <label locale="en">Start</label>
                </labels>
                <descriptions>
                    <description locale="en"></description>
                </descriptions>
            </topicDocumentation>
            <topicDocumentation name="EVT8141949530363">
                <labels>
                    <label locale="en">End</label>
                </labels>
                <descriptions>
                    <description locale="en"></description>
                </descriptions>
            </topicDocumentation>
            <topicDocumentation name="sf113"/>
            <topicDocumentation name="sf115"/>
        </topicDocumentations>
    </component>
</processDocumentation>