<?xml version="1.0" encoding="UTF-8" standalone="yes"?>
<?oracleBPM version="11.1.1.7.0.0.8" fileRevision="20120217"?>
<processDocumentation xmlns="http://xmlns.oracle.com/bpm/taskMetadataService/processDocumentation">
    <component name="RestartLO">
        <topicDocumentations>
            <topicDocumentation name="RestartLO">
                <descriptions>
                    <description locale="en">RestartLO</description>
                </descriptions>
            </topicDocumentation>
            <topicDocumentation name="ACT8164864069454">
                <labels>
                    <label locale="en">RestartActivity</label>
                </labels>
                <descriptions>
                    <description locale="en"></description>
                </descriptions>
            </topicDocumentation>
            <topicDocumentation name="ACT8164870395273">
                <labels>
                    <label locale="en">Assign</label>
                </labels>
                <descriptions>
                    <description locale="en"></description>
                </descriptions>
            </topicDocumentation>
            <topicDocumentation name="EVT8164846572347">
                <labels>
                    <label locale="en">Start</label>
                </labels>
                <descriptions>
                    <description locale="en"></description>
                </descriptions>
            </topicDocumentation>
            <topicDocumentation name="EVT8164846572367">
                <labels>
                    <label locale="en">End</label>
                </labels>
                <descriptions>
                    <description locale="en"></description>
                </descriptions>
            </topicDocumentation>
            <topicDocumentation name="sf181"/>
            <topicDocumentation name="sf183"/>
            <topicDocumentation name="sf184"/>
        </topicDocumentations>
    </component>
</processDocumentation>