<?xml version="1.0" encoding="UTF-8" ?>
<!-- Generated by Oracle SOA Modeler version 12.1.3.0.0 at [7/27/14 11:09 AM]. -->
<composite name="ExceptionHandlingPrj"
           revision="1.0"
           label="2014-07-27_11-09-53_948"
           mode="active"
           state="on"
           xmlns="http://xmlns.oracle.com/sca/1.0"
           xmlns:xs="http://www.w3.org/2001/XMLSchema"
           xmlns:wsp="http://schemas.xmlsoap.org/ws/2004/09/policy"
           xmlns:orawsp="http://schemas.oracle.com/ws/2006/01/policy"
           xmlns:ui="http://xmlns.oracle.com/soa/designer/"
           xmlns:sca-ext="http://xmlns.oracle.com/sca/1.0-ext">
  <import namespace="http://xmlns.oracle.com/bpmn/bpmnProcess/ExceptionDemoProcess"
          location="WSDLs/ExceptionDemoProcess.wsdl" importType="wsdl"/>
  <import namespace="http://xmlns.oracle.com/bpel/workflow/taskService"
          location="oramds:/soa/shared/workflow/TaskServiceInterface.wsdl" importType="wsdl"/>
  <import namespace="http://xmlns.oracle.com/bpmn/bpmnProcess/ValidationProcess" location="WSDLs/ValidationProcess.wsdl"
          importType="wsdl"/>
  <import namespace="http://xmlns.oracle.com/ExceptionHandlingApps/CreditValidation/CreditValidationService"
          location="WSDLs/creditvalidationservice_client_ep.wsdl" importType="wsdl"/>
  <import namespace="http://xmlns.oracle.com/ExceptionHandlingApps/CreditValidation/CreditValidationService"
          location="http://VIACHARY-US:7003/soa-infra/services/default/CreditValidation!1.0/WSDLs/CreditValidationService.wsdl"
          importType="wsdl"/>
  <service name="ValidationProcess.service" ui:wsdlLocation="WSDLs/ValidationProcess.wsdl">
    <interface.wsdl interface="http://xmlns.oracle.com/bpmn/bpmnProcess/ValidationProcess#wsdl.interface(ValidationProcessPortType)"
                    callbackInterface="http://xmlns.oracle.com/bpmn/bpmnProcess/ValidationProcess#wsdl.interface(ValidationProcessPortTypeCallBack)"/>
    <binding.ws port="http://xmlns.oracle.com/bpmn/bpmnProcess/ValidationProcess#wsdl.endpoint(ValidationProcess.service/ValidationProcessPort)"/>
    <callback>
      <binding.ws port="http://xmlns.oracle.com/bpmn/bpmnProcess/ValidationProcess#wsdl.endpoint(ValidationProcess.service/ValidationProcessPortTypeCallBack_pt)"/>
    </callback>
  </service>
  <service name="ExceptionDemoProcess.service" ui:wsdlLocation="WSDLs/ExceptionDemoProcess.wsdl">
    <interface.wsdl interface="http://xmlns.oracle.com/bpmn/bpmnProcess/ExceptionDemoProcess#wsdl.interface(ExceptionDemoProcessPortType)"
                    callbackInterface="http://xmlns.oracle.com/bpmn/bpmnProcess/ExceptionDemoProcess#wsdl.interface(ExceptionDemoProcessPortTypeCallBack)"/>
    <binding.ws port="http://xmlns.oracle.com/bpmn/bpmnProcess/ExceptionDemoProcess#wsdl.endpoint(ExceptionDemoProcess.service/ExceptionDemoProcessPort)"/>
    <callback>
      <binding.ws port="http://xmlns.oracle.com/bpmn/bpmnProcess/ExceptionDemoProcess#wsdl.endpoint(ExceptionDemoProcess.service/ExceptionDemoProcessPortTypeCallBack_pt)"/>
    </callback>
  </service>
  <property name="productVersion" type="xs:string" many="false">12.1.3.0.0</property>
  <property name="compositeID" type="xs:string" many="false">c501bf52-a706-45d2-ae9e-7fea7205730a</property>
  <property name="oracle.composite.faultPolicyFile">fault-policies.xml</property>
  <property name="oracle.composite.faultBindingFile">fault-bindings.xml</property> 
  <component name="ExceptionDemoProcess">
    <implementation.bpmn src="processes/ExceptionDemoProcess.bpmn"/>
    <componentType>
      <service name="ExceptionDemoProcess.service" ui:wsdlLocation="WSDLs/ExceptionDemoProcess.wsdl">
        <interface.wsdl interface="http://xmlns.oracle.com/bpmn/bpmnProcess/ExceptionDemoProcess#wsdl.interface(ExceptionDemoProcessPortType)"
                        callbackInterface="http://xmlns.oracle.com/bpmn/bpmnProcess/ExceptionDemoProcess#wsdl.interface(ExceptionDemoProcessPortTypeCallBack)"/>
        <property name="bpm.generated.service.reference" type="xs:string" many="false">ExceptionDemoProcess.service</property>
      </service>
      <reference name="HumanTasks.ApplicationVerification.reference"
                 ui:wsdlLocation="oramds:/soa/shared/workflow/TaskServiceInterface.wsdl">
        <interface.wsdl interface="http://xmlns.oracle.com/bpel/workflow/taskService#wsdl.interface(TaskService)"
                        callbackInterface="http://xmlns.oracle.com/bpel/workflow/taskService#wsdl.interface(TaskServiceCallback)"/>
      </reference>
      <reference name="ValidationProcess.reference" ui:wsdlLocation="WSDLs/ValidationProcess.wsdl">
        <interface.wsdl interface="http://xmlns.oracle.com/bpmn/bpmnProcess/ValidationProcess#wsdl.interface(ValidationProcessPortType)"
                        callbackInterface="http://xmlns.oracle.com/bpmn/bpmnProcess/ValidationProcess#wsdl.interface(ValidationProcessPortTypeCallBack)"/>
      </reference>
      <reference name="Services.Externals.CreditValidationService.reference"
                 ui:wsdlLocation="http://VIACHARY-US:7003/soa-infra/services/default/CreditValidation!1.0/WSDLs/CreditValidationService.wsdl">
        <interface.wsdl interface="http://xmlns.oracle.com/ExceptionHandlingApps/CreditValidation/CreditValidationService#wsdl.interface(CreditValidationService)"/>
      </reference>
    </componentType>
  </component>
  <component name="ApplicationVerification">
    <implementation.workflow src="HumanTasks/ApplicationVerification.task"/>
    <componentType>
      <service name="TaskService" ui:wsdlLocation="oramds:/soa/shared/workflow/TaskServiceInterface.wsdl">
        <interface.wsdl interface="http://xmlns.oracle.com/bpel/workflow/taskService#wsdl.interface(TaskService)"
                        callbackInterface="http://xmlns.oracle.com/bpel/workflow/taskService#wsdl.interface(TaskServiceCallback)"/>
      </service>
    </componentType>
  </component>
  <component name="ValidationProcess">
    <implementation.bpmn src="processes/ValidationProcess.bpmn"/>
    <componentType>
      <service name="ValidationProcess.service" ui:wsdlLocation="WSDLs/ValidationProcess.wsdl">
        <interface.wsdl interface="http://xmlns.oracle.com/bpmn/bpmnProcess/ValidationProcess#wsdl.interface(ValidationProcessPortType)"
                        callbackInterface="http://xmlns.oracle.com/bpmn/bpmnProcess/ValidationProcess#wsdl.interface(ValidationProcessPortTypeCallBack)"/>
        <property name="bpm.generated.service.reference" type="xs:string" many="false">ValidationProcess.service</property>
      </service>
    </componentType>
  </component>
  <reference name="CreditValidationService" ui:wsdlLocation="WSDLs/creditvalidationservice_client_ep.wsdl">
    <interface.wsdl interface="http://xmlns.oracle.com/ExceptionHandlingApps/CreditValidation/CreditValidationService#wsdl.interface(CreditValidationService)"/>
    <binding.ws port="http://xmlns.oracle.com/ExceptionHandlingApps/CreditValidation/CreditValidationService#wsdl.endpoint(creditvalidationservice_client_ep/CreditValidationService_pt)"
                location="http://viachary-us:7003/soa-infra/services/default/CreditValidation/creditvalidationservice_client_ep?WSDL"
                soapVersion="1.1">
      <property name="weblogic.wsee.wsat.transaction.flowOption" type="xs:string" many="false">WSDLDriven</property>
    </binding.ws>
  </reference>
  <wire>
    <source.uri>ExceptionDemoProcess/HumanTasks.ApplicationVerification.reference</source.uri>
    <target.uri>ApplicationVerification/TaskService</target.uri>
  </wire>
  <wire>
    <source.uri>ValidationProcess.service</source.uri>
    <target.uri>ValidationProcess/ValidationProcess.service</target.uri>
  </wire>
  <wire>
    <source.uri>ExceptionDemoProcess/ValidationProcess.reference</source.uri>
    <target.uri>ValidationProcess/ValidationProcess.service</target.uri>
  </wire>
  <wire>
    <source.uri>ExceptionDemoProcess/Services.Externals.CreditValidationService.reference</source.uri>
    <target.uri>CreditValidationService</target.uri>
  </wire>
  <wire>
    <source.uri>ExceptionDemoProcess.service</source.uri>
    <target.uri>ExceptionDemoProcess/ExceptionDemoProcess.service</target.uri>
  </wire>
</composite>
