<?xml version="1.0" encoding="UTF-8" standalone="yes"?>
<?oracleBPM version="12.1.3.0.0.00.00" fileRevision="20120601"?>
<processDocumentation xmlns="http://xmlns.oracle.com/bpm/taskMetadataService/processDocumentation">
   <component name="ReusableProcess">
      <topicDocumentations>
         <topicDocumentation name="ReusableProcess"/>
         <topicDocumentation name="ACT10504855865567">
            <labels>
               <label locale="en">AssignError</label>
            </labels>
            <descriptions>
               <description locale="en"></description>
            </descriptions>
         </topicDocumentation>
         <topicDocumentation name="EVT10504809745710">
            <labels>
               <label locale="en">Start</label>
            </labels>
            <descriptions>
               <description locale="en"></description>
            </descriptions>
         </topicDocumentation>
         <topicDocumentation name="EVT10504809745734">
            <labels>
               <label locale="en">Complete</label>
            </labels>
            <descriptions>
               <description locale="en"></description>
            </descriptions>
         </topicDocumentation>
         <topicDocumentation name="EVT10504859690316">
            <labels>
               <label locale="en">Error</label>
            </labels>
            <descriptions>
               <description locale="en"></description>
            </descriptions>
         </topicDocumentation>
         <topicDocumentation name="GTW10504852280742">
            <labels>
               <label locale="en">CheckIN?</label>
            </labels>
            <descriptions>
               <description locale="en"></description>
            </descriptions>
         </topicDocumentation>
         <topicDocumentation name="sf1050480974582"/>
         <topicDocumentation name="sf10504852885122">
            <labels>
               <label locale="en"></label>
            </labels>
            <descriptions>
               <description locale="en"></description>
            </descriptions>
         </topicDocumentation>
         <topicDocumentation name="sf10504857869651"/>
         <topicDocumentation name="sf10504860738340"/>
      </topicDocumentations>
   </component>
</processDocumentation>