<?xml version="1.0" encoding="UTF-8" standalone="yes"?>
<?oracleBPM version="12.1.3.0.0.00.00" fileRevision="20120601"?>
<processDocumentation xmlns="http://xmlns.oracle.com/bpm/taskMetadataService/processDocumentation">
   <component name="ValidationProcess">
      <topicDocumentations>
         <topicDocumentation name="ValidationProcess"/>
         <topicDocumentation name="EVT10491930106549">
            <labels>
               <label locale="en">InvokedStart</label>
            </labels>
            <descriptions>
               <description locale="en"></description>
            </descriptions>
         </topicDocumentation>
         <topicDocumentation name="EVT10491930106743">
            <labels>
               <label locale="en">ValidationProcessEnd</label>
            </labels>
            <descriptions>
               <description locale="en"></description>
            </descriptions>
         </topicDocumentation>
         <topicDocumentation name="ACT10491936363778">
            <labels>
               <label locale="en">ValidationSubprocess</label>
            </labels>
         </topicDocumentation>
         <topicDocumentation name="EVT10491936650633">
            <labels>
               <label locale="en">Start</label>
            </labels>
         </topicDocumentation>
         <topicDocumentation name="EVT10491936650666">
            <labels>
               <label locale="en">End</label>
            </labels>
            <descriptions>
               <description locale="en"></description>
            </descriptions>
         </topicDocumentation>
         <topicDocumentation name="ACT10491940522840">
            <labels>
               <label locale="en">ValidationActivity</label>
            </labels>
            <descriptions>
               <description locale="en"></description>
            </descriptions>
         </topicDocumentation>
         <topicDocumentation name="sf10491936650717"/>
         <topicDocumentation name="sf10491941319350"/>
         <topicDocumentation name="EVT10491975202668">
            <labels>
               <label locale="en">CBE</label>
            </labels>
            <descriptions>
               <description locale="en"></description>
            </descriptions>
         </topicDocumentation>
         <topicDocumentation name="ACT10491979951162">
            <labels>
               <label locale="en">SomeOtherActivity</label>
            </labels>
            <descriptions>
               <description locale="en"></description>
            </descriptions>
         </topicDocumentation>
         <topicDocumentation name="GTW10491983372038">
            <labels>
               <label locale="en">Converge</label>
            </labels>
            <descriptions>
               <description locale="en"></description>
            </descriptions>
         </topicDocumentation>
         <topicDocumentation name="sf10491930106820"/>
         <topicDocumentation name="sf10491981172262"/>
         <topicDocumentation name="sf10491985083895"/>
         <topicDocumentation name="sf1049198680168"/>
         <topicDocumentation name="sf10491988542497"/>
      </topicDocumentations>
   </component>
</processDocumentation>