<?xml version="1.0" encoding="UTF-8"?>
<dgm:gDiagram xmlns:dgm="http://xmlns.oracle.com/sca/soadgm">
    <dgm:gService name="BackgroundCheck.service">
        <dgm:body borderWidth="2" arcRad="20" X="21" Y="41" width="137" height="96">
            <dgm:borderColor r="153" g="153" b="153"/>
            <dgm:bgColor r="255" g="255" b="255"/>
        </dgm:body>
        <dgm:shadow arcRad="20" X="11" Y="34" width="156" height="110">
            <dgm:bgColor r="196" g="228" b="240"/>
        </dgm:shadow>
        <dgm:outputPort name="BackgroundCheck.service" X="127" Y="0" diameter="20" imageURI="oracle/tip/tools/ide/fabric/resource/image/visuals_rd1/servicereference.png" interface="http://xmlns.oracle.com/bpmn/bpmnProcess/BackgroundCheck#wsdl.interface(BackgroundCheckPortType)" callbackInterface="http://xmlns.oracle.com/bpmn/bpmnProcess/BackgroundCheck#wsdl.interface(BackgroundCheckPortTypeCallBack)"/>
        <dgm:nodeIcon URI="/oracle/tip/tools/ide/adapters/designtime/adapter/images/soap_service_20x20.png" X="20" Y="4" width="20" height="20"/>
        <dgm:operations>
            <dgm:item>receiveBackgroungCheckReq</dgm:item>
            <dgm:item>sendBackgroungCheckResp</dgm:item>
        </dgm:operations>
    </dgm:gService>
    <dgm:gService name="RestartLO.service">
        <dgm:body borderWidth="2" arcRad="20" X="21" Y="915" width="137" height="96">
            <dgm:borderColor r="153" g="153" b="153"/>
            <dgm:bgColor r="255" g="255" b="255"/>
        </dgm:body>
        <dgm:shadow arcRad="20" X="11" Y="908" width="156" height="110">
            <dgm:bgColor r="196" g="228" b="240"/>
        </dgm:shadow>
        <dgm:outputPort name="RestartLO.service" X="127" Y="0" diameter="20" imageURI="oracle/tip/tools/ide/fabric/resource/image/visuals_rd1/servicereference.png" interface="http://xmlns.oracle.com/bpmn/bpmnProcess/RestartLO#wsdl.interface(RestartLOPortType)" callbackInterface="http://xmlns.oracle.com/bpmn/bpmnProcess/RestartLO#wsdl.interface(RestartLOPortTypeCallBack)"/>
        <dgm:nodeIcon URI="/oracle/tip/tools/ide/adapters/designtime/adapter/images/soap_service_20x20.png" X="20" Y="4" width="20" height="20"/>
        <dgm:operations>
            <dgm:item>startRestartLO</dgm:item>
            <dgm:item>endRestartLO</dgm:item>
        </dgm:operations>
    </dgm:gService>
    <dgm:gService name="FraudIntruption.service">
        <dgm:body borderWidth="2" arcRad="20" X="21" Y="785" width="137" height="96">
            <dgm:borderColor r="153" g="153" b="153"/>
            <dgm:bgColor r="255" g="255" b="255"/>
        </dgm:body>
        <dgm:shadow arcRad="20" X="11" Y="778" width="156" height="110">
            <dgm:bgColor r="196" g="228" b="240"/>
        </dgm:shadow>
        <dgm:outputPort name="FraudIntruption.service" X="127" Y="0" diameter="20" imageURI="oracle/tip/tools/ide/fabric/resource/image/visuals_rd1/servicereference.png" interface="http://xmlns.oracle.com/bpmn/bpmnProcess/FraudIntruption#wsdl.interface(FraudIntruptionPortType)" callbackInterface="http://xmlns.oracle.com/bpmn/bpmnProcess/FraudIntruption#wsdl.interface(FraudIntruptionPortTypeCallBack)"/>
        <dgm:nodeIcon URI="/oracle/tip/tools/ide/adapters/designtime/adapter/images/soap_service_20x20.png" X="20" Y="4" width="20" height="20"/>
        <dgm:operations>
            <dgm:item>start</dgm:item>
            <dgm:item>end</dgm:item>
        </dgm:operations>
    </dgm:gService>
    <dgm:gService name="Feedback.service">
        <dgm:body borderWidth="2" arcRad="20" X="21" Y="609" width="137" height="84">
            <dgm:borderColor r="153" g="153" b="153"/>
            <dgm:bgColor r="255" g="255" b="255"/>
        </dgm:body>
        <dgm:shadow arcRad="20" X="11" Y="602" width="156" height="98">
            <dgm:bgColor r="196" g="228" b="240"/>
        </dgm:shadow>
        <dgm:outputPort name="Feedback.service" X="127" Y="0" diameter="20" imageURI="oracle/tip/tools/ide/fabric/resource/image/visuals_rd1/servicereference.png" interface="http://xmlns.oracle.com/bpmn/bpmnProcess/Feedback#wsdl.interface(FeedbackPortType)"/>
        <dgm:nodeIcon URI="/oracle/tip/tools/ide/adapters/designtime/adapter/images/soap_service_20x20.png" X="20" Y="4" width="20" height="20"/>
        <dgm:operations>
            <dgm:item>start</dgm:item>
        </dgm:operations>
    </dgm:gService>
    <dgm:gService name="BackOffice.service">
        <dgm:body borderWidth="2" arcRad="20" X="21" Y="174" width="137" height="96">
            <dgm:borderColor r="153" g="153" b="153"/>
            <dgm:bgColor r="255" g="255" b="255"/>
        </dgm:body>
        <dgm:shadow arcRad="20" X="11" Y="167" width="156" height="110">
            <dgm:bgColor r="196" g="228" b="240"/>
        </dgm:shadow>
        <dgm:outputPort name="BackOffice.service" X="127" Y="0" diameter="20" imageURI="oracle/tip/tools/ide/fabric/resource/image/visuals_rd1/servicereference.png" interface="http://xmlns.oracle.com/bpmn/bpmnProcess/BackOffice#wsdl.interface(BackOfficePortType)" callbackInterface="http://xmlns.oracle.com/bpmn/bpmnProcess/BackOffice#wsdl.interface(BackOfficePortTypeCallBack)"/>
        <dgm:nodeIcon URI="/oracle/tip/tools/ide/adapters/designtime/adapter/images/soap_service_20x20.png" X="20" Y="4" width="20" height="20"/>
        <dgm:operations>
            <dgm:item>startBO</dgm:item>
            <dgm:item>end</dgm:item>
        </dgm:operations>
    </dgm:gService>
    <dgm:gService name="Web.service">
        <dgm:body borderWidth="2" arcRad="20" X="21" Y="1235" width="137" height="96">
            <dgm:borderColor r="153" g="153" b="153"/>
            <dgm:bgColor r="255" g="255" b="255"/>
        </dgm:body>
        <dgm:shadow arcRad="20" X="11" Y="1228" width="156" height="110">
            <dgm:bgColor r="196" g="228" b="240"/>
        </dgm:shadow>
        <dgm:outputPort name="Web.service" X="127" Y="0" diameter="20" imageURI="oracle/tip/tools/ide/fabric/resource/image/visuals_rd1/servicereference.png" interface="http://xmlns.oracle.com/bpmn/bpmnProcess/Web#wsdl.interface(WebPortType)" callbackInterface="http://xmlns.oracle.com/bpmn/bpmnProcess/Web#wsdl.interface(WebPortTypeCallBack)"/>
        <dgm:nodeIcon URI="/oracle/tip/tools/ide/adapters/designtime/adapter/images/soap_service_20x20.png" X="20" Y="4" width="20" height="20"/>
        <dgm:operations>
            <dgm:item>start</dgm:item>
            <dgm:item>end</dgm:item>
        </dgm:operations>
    </dgm:gService>
    <dgm:gService name="LoanOrigination.service">
        <dgm:body borderWidth="2" arcRad="20" X="21" Y="1045" width="137" height="156">
            <dgm:borderColor r="153" g="153" b="153"/>
            <dgm:bgColor r="255" g="255" b="255"/>
        </dgm:body>
        <dgm:shadow arcRad="20" X="11" Y="1038" width="156" height="170">
            <dgm:bgColor r="196" g="228" b="240"/>
        </dgm:shadow>
        <dgm:outputPort name="LoanOrigination.service" X="127" Y="0" diameter="20" imageURI="oracle/tip/tools/ide/fabric/resource/image/visuals_rd1/servicereference.png" interface="http://xmlns.oracle.com/bpmn/bpmnProcess/LoanOrigination#wsdl.interface(LoanOriginationPortType)" callbackInterface="http://xmlns.oracle.com/bpmn/bpmnProcess/LoanOrigination#wsdl.interface(LoanOriginationPortTypeCallBack)"/>
        <dgm:nodeIcon URI="/oracle/tip/tools/ide/adapters/designtime/adapter/images/soap_service_20x20.png" X="20" Y="4" width="20" height="20"/>
        <dgm:operations>
            <dgm:item>cancelLoan</dgm:item>
            <dgm:item>checkLoanStatus</dgm:item>
            <dgm:item>startLOEvent</dgm:item>
            <dgm:item>reStartLOEvent</dgm:item>
            <dgm:item>end</dgm:item>
            <dgm:item>endCheckLoanStatus</dgm:item>
            <dgm:item>endLO</dgm:item>
        </dgm:operations>
    </dgm:gService>
    <dgm:gReference name="BPM-NotificationService">
        <dgm:body borderWidth="2" arcRad="20" X="968" Y="653" width="136" height="168">
            <dgm:borderColor r="153" g="153" b="153"/>
            <dgm:bgColor r="255" g="255" b="255"/>
        </dgm:body>
        <dgm:shadow arcRad="20" X="958" Y="646" width="156" height="182">
            <dgm:bgColor r="196" g="228" b="240"/>
        </dgm:shadow>
        <dgm:inputPort name="BPM-NotificationService" X="-10" Y="0" diameter="20" imageURI="oracle/tip/tools/ide/fabric/resource/image/visuals_rd1/servicereference.png" interface="http://xmlns.oracle.com/ias/pcbpel/NotificationService#wsdl.interface(NotificationService)"/>
        <dgm:nodeIcon URI="/oracle/tip/tools/ide/adapters/designtime/adapter/images/soap_service_20x20.png" X="27" Y="4" width="20" height="20"/>
        <dgm:operations>
            <dgm:item>sendIMNotification</dgm:item>
            <dgm:item>sendFaxNotification</dgm:item>
            <dgm:item>sendVoiceNotification</dgm:item>
            <dgm:item>sendSMSNotification</dgm:item>
            <dgm:item>sendPagerNotification</dgm:item>
            <dgm:item>sendURINotification</dgm:item>
            <dgm:item>sendEmailNotification</dgm:item>
            <dgm:item>sendNotificationToUser</dgm:item>
            <dgm:item>sendNotificationToGroup</dgm:item>
        </dgm:operations>
    </dgm:gReference>
    <dgm:gReference name="CreditCheck">
        <dgm:body borderWidth="2" arcRad="20" X="968" Y="981" width="136" height="84">
            <dgm:borderColor r="153" g="153" b="153"/>
            <dgm:bgColor r="255" g="255" b="255"/>
        </dgm:body>
        <dgm:shadow arcRad="20" X="958" Y="974" width="156" height="98">
            <dgm:bgColor r="196" g="228" b="240"/>
        </dgm:shadow>
        <dgm:inputPort name="CreditCheck" X="-10" Y="0" diameter="20" imageURI="oracle/tip/tools/ide/fabric/resource/image/visuals_rd1/servicereference.png" interface="http://xmlns.oracle.com/LoanOriginationApp/CreditCheckPrj/CreditCheckService#wsdl.interface(CreditCheckService)"/>
        <dgm:nodeIcon URI="/oracle/tip/tools/ide/adapters/designtime/adapter/images/soap_service_20x20.png" X="27" Y="4" width="20" height="20"/>
        <dgm:operations>
            <dgm:item>process</dgm:item>
        </dgm:operations>
    </dgm:gReference>
    <dgm:gReference name="FraudCheck">
        <dgm:body borderWidth="2" arcRad="20" X="968" Y="1099" width="136" height="96">
            <dgm:borderColor r="153" g="153" b="153"/>
            <dgm:bgColor r="255" g="255" b="255"/>
        </dgm:body>
        <dgm:shadow arcRad="20" X="958" Y="1092" width="156" height="110">
            <dgm:bgColor r="196" g="228" b="240"/>
        </dgm:shadow>
        <dgm:inputPort name="FraudCheck" X="-10" Y="0" diameter="20" imageURI="oracle/tip/tools/ide/fabric/resource/image/visuals_rd1/servicereference.png" interface="http://xmlns.oracle.com/LoanOriginationApp/FraudCheckPrj/FraudCheck#wsdl.interface(FraudCheck)" callbackInterface="http://xmlns.oracle.com/LoanOriginationApp/FraudCheckPrj/FraudCheck#wsdl.interface(FraudCheckCallback)"/>
        <dgm:nodeIcon URI="/oracle/tip/tools/ide/adapters/designtime/adapter/images/soap_service_20x20.png" X="27" Y="4" width="20" height="20"/>
        <dgm:operations>
            <dgm:item>process</dgm:item>
            <dgm:item>processResponse</dgm:item>
        </dgm:operations>
    </dgm:gReference>
    <dgm:gReference name="PushToFeedbackQueue">
        <dgm:body borderWidth="2" arcRad="20" X="968" Y="26" width="136" height="84">
            <dgm:borderColor r="153" g="153" b="153"/>
            <dgm:bgColor r="255" g="255" b="255"/>
        </dgm:body>
        <dgm:shadow arcRad="20" X="958" Y="19" width="156" height="98">
            <dgm:bgColor r="196" g="228" b="240"/>
        </dgm:shadow>
        <dgm:inputPort name="PushToFeedbackQueue" X="-10" Y="0" diameter="20" imageURI="oracle/tip/tools/ide/fabric/resource/image/visuals_rd1/servicereference.png" interface="http://xmlns.oracle.com/pcbpel/adapter/jms/LoanOriginationApp/LoanOriginationProject/PushToFeedbackQueue#wsdl.interface(Produce_Message_ptt)"/>
        <dgm:nodeIcon URI="/oracle/tip/tools/ide/adapters/designtime/adapter/images/jms_adapter_20x20.png" X="27" Y="4" width="20" height="20"/>
        <dgm:operations>
            <dgm:item>Produce_Message</dgm:item>
        </dgm:operations>
    </dgm:gReference>
    <dgm:gComponent name="LoanOrigination">
        <dgm:body borderWidth="2" arcRad="20" X="498" Y="900" width="130" height="186">
            <dgm:borderColor r="69" g="113" b="140"/>
            <dgm:lightBgColor r="166" g="208" b="230"/>
            <dgm:darkBgColor r="99" g="162" b="201"/>
        </dgm:body>
        <dgm:shadow arcRad="20" X="488" Y="893" width="150" height="202">
            <dgm:bgColor r="196" g="228" b="240"/>
        </dgm:shadow>
        <dgm:inputPort name="LoanOrigination.service" X="-10" Y="15" diameter="20" imageURI="oracle/tip/tools/ide/fabric/resource/image/visuals_rd1/servicereference.png" interface="http://xmlns.oracle.com/bpmn/bpmnProcess/LoanOrigination#wsdl.interface(LoanOriginationPortType)" callbackInterface="http://xmlns.oracle.com/bpmn/bpmnProcess/LoanOrigination#wsdl.interface(LoanOriginationPortTypeCallBack)"/>
        <dgm:outputPort name="NotificationService.ACT813866880967" X="120" Y="15" diameter="20" imageURI="oracle/tip/tools/ide/fabric/resource/image/visuals_rd1/servicereference.png" interface="http://xmlns.oracle.com/ias/pcbpel/NotificationService#wsdl.interface(NotificationService)"/>
        <dgm:outputPort name="BackgroundCheck.reference" X="120" Y="40" diameter="20" imageURI="oracle/tip/tools/ide/fabric/resource/image/visuals_rd1/servicereference.png" interface="http://xmlns.oracle.com/bpmn/bpmnProcess/BackgroundCheck#wsdl.interface(BackgroundCheckPortType)" callbackInterface="http://xmlns.oracle.com/bpmn/bpmnProcess/BackgroundCheck#wsdl.interface(BackgroundCheckPortTypeCallBack)"/>
        <dgm:outputPort name="LoanOrigination.reference" X="120" Y="65" diameter="20" imageURI="oracle/tip/tools/ide/fabric/resource/image/visuals_rd1/servicereference.png" interface="http://xmlns.oracle.com/bpmn/bpmnProcess/LoanOrigination#wsdl.interface(LoanOriginationPortType)" callbackInterface="http://xmlns.oracle.com/bpmn/bpmnProcess/LoanOrigination#wsdl.interface(LoanOriginationPortTypeCallBack)"/>
        <dgm:outputPort name="HumanTasks.AppVerificationTask.reference" X="120" Y="90" diameter="20" imageURI="oracle/tip/tools/ide/fabric/resource/image/visuals_rd1/servicereference.png" interface="http://xmlns.oracle.com/bpel/workflow/taskService#wsdl.interface(TaskService)" callbackInterface="http://xmlns.oracle.com/bpel/workflow/taskService#wsdl.interface(TaskServiceCallback)"/>
        <dgm:outputPort name="Services.Externals.CreditCheck.reference" X="120" Y="115" diameter="20" imageURI="oracle/tip/tools/ide/fabric/resource/image/visuals_rd1/servicereference.png" interface="http://xmlns.oracle.com/LoanOriginationApp/CreditCheckPrj/CreditCheckService#wsdl.interface(CreditCheckService)"/>
        <dgm:outputPort name="Services.Externals.FraudCheck.reference" X="120" Y="140" diameter="20" imageURI="oracle/tip/tools/ide/fabric/resource/image/visuals_rd1/servicereference.png" interface="http://xmlns.oracle.com/LoanOriginationApp/FraudCheckPrj/FraudCheck#wsdl.interface(FraudCheck)" callbackInterface="http://xmlns.oracle.com/LoanOriginationApp/FraudCheckPrj/FraudCheck#wsdl.interface(FraudCheckCallback)"/>
        <dgm:nodeIcon URI="/oracle/bpm/fusion/soa/msg/images/bpmncomponent20x20.png" X="10" Y="4" width="20" height="20"/>
    </dgm:gComponent>
    <dgm:gComponent name="BackOffice">
        <dgm:body borderWidth="2" arcRad="20" X="255" Y="113" width="130" height="135">
            <dgm:borderColor r="69" g="113" b="140"/>
            <dgm:lightBgColor r="166" g="208" b="230"/>
            <dgm:darkBgColor r="99" g="162" b="201"/>
        </dgm:body>
        <dgm:shadow arcRad="20" X="245" Y="106" width="150" height="151">
            <dgm:bgColor r="196" g="228" b="240"/>
        </dgm:shadow>
        <dgm:inputPort name="BackOffice.service" X="-10" Y="15" diameter="20" imageURI="oracle/tip/tools/ide/fabric/resource/image/visuals_rd1/servicereference.png" interface="http://xmlns.oracle.com/bpmn/bpmnProcess/BackOffice#wsdl.interface(BackOfficePortType)" callbackInterface="http://xmlns.oracle.com/bpmn/bpmnProcess/BackOffice#wsdl.interface(BackOfficePortTypeCallBack)"/>
        <dgm:outputPort name="BackOffice_BackOffice_Feedback.reference" X="120" Y="15" diameter="20" imageURI="oracle/tip/tools/ide/fabric/resource/image/visuals_rd1/servicereference.png" interface="http://xmlns.oracle.com/pcbpel/adapter/jms/LoanOriginationApp/LoanOriginationProject/PushToFeedbackQueue#wsdl.interface(Produce_Message_ptt)"/>
        <dgm:outputPort name="LoanOrigination.reference" X="120" Y="40" diameter="20" imageURI="oracle/tip/tools/ide/fabric/resource/image/visuals_rd1/servicereference.png" interface="http://xmlns.oracle.com/bpmn/bpmnProcess/LoanOrigination#wsdl.interface(LoanOriginationPortType)" callbackInterface="http://xmlns.oracle.com/bpmn/bpmnProcess/LoanOrigination#wsdl.interface(LoanOriginationPortTypeCallBack)"/>
        <dgm:nodeIcon URI="/oracle/bpm/fusion/soa/msg/images/bpmncomponent20x20.png" X="23" Y="4" width="20" height="20"/>
        <dgm:subscribeEvents>
            <dgm:item>Feedback</dgm:item>
        </dgm:subscribeEvents>
        <dgm:subscribePort name="" X="-10" Y="65" diameter="20" imageURI="oracle/tip/tools/ide/fabric/resource/image/visuals_rd1/circleEvent.png"/>
    </dgm:gComponent>
    <dgm:gComponent name="BackgroundCheck">
        <dgm:body borderWidth="2" arcRad="20" X="741" Y="765" width="130" height="61">
            <dgm:borderColor r="69" g="113" b="140"/>
            <dgm:lightBgColor r="166" g="208" b="230"/>
            <dgm:darkBgColor r="99" g="162" b="201"/>
        </dgm:body>
        <dgm:shadow arcRad="20" X="731" Y="758" width="150" height="77">
            <dgm:bgColor r="196" g="228" b="240"/>
        </dgm:shadow>
        <dgm:inputPort name="BackgroundCheck.service" X="-10" Y="15" diameter="20" imageURI="oracle/tip/tools/ide/fabric/resource/image/visuals_rd1/servicereference.png" interface="http://xmlns.oracle.com/bpmn/bpmnProcess/BackgroundCheck#wsdl.interface(BackgroundCheckPortType)" callbackInterface="http://xmlns.oracle.com/bpmn/bpmnProcess/BackgroundCheck#wsdl.interface(BackgroundCheckPortTypeCallBack)"/>
        <dgm:nodeIcon URI="/oracle/bpm/fusion/soa/msg/images/bpmncomponent20x20.png" X="10" Y="4" width="20" height="20"/>
    </dgm:gComponent>
    <dgm:gComponent name="FraudIntruption">
        <dgm:body borderWidth="2" arcRad="20" X="255" Y="822" width="130" height="61">
            <dgm:borderColor r="69" g="113" b="140"/>
            <dgm:lightBgColor r="166" g="208" b="230"/>
            <dgm:darkBgColor r="99" g="162" b="201"/>
        </dgm:body>
        <dgm:shadow arcRad="20" X="245" Y="815" width="150" height="77">
            <dgm:bgColor r="196" g="228" b="240"/>
        </dgm:shadow>
        <dgm:inputPort name="FraudIntruption.service" X="-10" Y="15" diameter="20" imageURI="oracle/tip/tools/ide/fabric/resource/image/visuals_rd1/servicereference.png" interface="http://xmlns.oracle.com/bpmn/bpmnProcess/FraudIntruption#wsdl.interface(FraudIntruptionPortType)" callbackInterface="http://xmlns.oracle.com/bpmn/bpmnProcess/FraudIntruption#wsdl.interface(FraudIntruptionPortTypeCallBack)"/>
        <dgm:nodeIcon URI="/oracle/bpm/fusion/soa/msg/images/bpmncomponent20x20.png" X="10" Y="4" width="20" height="20"/>
    </dgm:gComponent>
    <dgm:gComponent name="Feedback">
        <dgm:body borderWidth="2" arcRad="20" X="255" Y="594" width="130" height="110">
            <dgm:borderColor r="69" g="113" b="140"/>
            <dgm:lightBgColor r="166" g="208" b="230"/>
            <dgm:darkBgColor r="99" g="162" b="201"/>
        </dgm:body>
        <dgm:shadow arcRad="20" X="245" Y="587" width="150" height="126">
            <dgm:bgColor r="196" g="228" b="240"/>
        </dgm:shadow>
        <dgm:inputPort name="Feedback.service" X="-10" Y="15" diameter="20" imageURI="oracle/tip/tools/ide/fabric/resource/image/visuals_rd1/servicereference.png" interface="http://xmlns.oracle.com/bpmn/bpmnProcess/Feedback#wsdl.interface(FeedbackPortType)"/>
        <dgm:nodeIcon URI="/oracle/bpm/fusion/soa/msg/images/bpmncomponent20x20.png" X="23" Y="4" width="20" height="20"/>
        <dgm:publishEvents>
            <dgm:item>Feedback</dgm:item>
        </dgm:publishEvents>
        <dgm:publishPort name="" X="120" Y="40" diameter="20" imageURI="oracle/tip/tools/ide/fabric/resource/image/visuals_rd1/circleEvent.png"/>
    </dgm:gComponent>
    <dgm:gComponent name="CatchFraudDetails">
        <dgm:body borderWidth="2" arcRad="20" X="255" Y="366" width="130" height="110">
            <dgm:borderColor r="69" g="113" b="140"/>
            <dgm:lightBgColor r="166" g="208" b="230"/>
            <dgm:darkBgColor r="99" g="162" b="201"/>
        </dgm:body>
        <dgm:shadow arcRad="20" X="245" Y="359" width="150" height="126">
            <dgm:bgColor r="196" g="228" b="240"/>
        </dgm:shadow>
        <dgm:nodeIcon URI="/oracle/bpm/fusion/soa/msg/images/bpmncomponent20x20.png" X="23" Y="4" width="20" height="20"/>
        <dgm:subscribeEvents>
            <dgm:item>FraudDetails</dgm:item>
        </dgm:subscribeEvents>
        <dgm:subscribePort name="" X="-10" Y="40" diameter="20" imageURI="oracle/tip/tools/ide/fabric/resource/image/visuals_rd1/circleEvent.png"/>
    </dgm:gComponent>
    <dgm:gComponent name="Web">
        <dgm:body borderWidth="2" arcRad="20" X="255" Y="1220" width="130" height="61">
            <dgm:borderColor r="69" g="113" b="140"/>
            <dgm:lightBgColor r="166" g="208" b="230"/>
            <dgm:darkBgColor r="99" g="162" b="201"/>
        </dgm:body>
        <dgm:shadow arcRad="20" X="245" Y="1213" width="150" height="77">
            <dgm:bgColor r="196" g="228" b="240"/>
        </dgm:shadow>
        <dgm:inputPort name="Web.service" X="-10" Y="15" diameter="20" imageURI="oracle/tip/tools/ide/fabric/resource/image/visuals_rd1/servicereference.png" interface="http://xmlns.oracle.com/bpmn/bpmnProcess/Web#wsdl.interface(WebPortType)" callbackInterface="http://xmlns.oracle.com/bpmn/bpmnProcess/Web#wsdl.interface(WebPortTypeCallBack)"/>
        <dgm:outputPort name="LoanOrigination.reference" X="120" Y="15" diameter="20" imageURI="oracle/tip/tools/ide/fabric/resource/image/visuals_rd1/servicereference.png" interface="http://xmlns.oracle.com/bpmn/bpmnProcess/LoanOrigination#wsdl.interface(LoanOriginationPortType)" callbackInterface="http://xmlns.oracle.com/bpmn/bpmnProcess/LoanOrigination#wsdl.interface(LoanOriginationPortTypeCallBack)"/>
        <dgm:nodeIcon URI="/oracle/bpm/fusion/soa/msg/images/bpmncomponent20x20.png" X="10" Y="4" width="20" height="20"/>
    </dgm:gComponent>
    <dgm:gComponent name="RestartLO">
        <dgm:body borderWidth="2" arcRad="20" X="255" Y="933" width="130" height="61">
            <dgm:borderColor r="69" g="113" b="140"/>
            <dgm:lightBgColor r="166" g="208" b="230"/>
            <dgm:darkBgColor r="99" g="162" b="201"/>
        </dgm:body>
        <dgm:shadow arcRad="20" X="245" Y="926" width="150" height="77">
            <dgm:bgColor r="196" g="228" b="240"/>
        </dgm:shadow>
        <dgm:inputPort name="RestartLO.service" X="-10" Y="15" diameter="20" imageURI="oracle/tip/tools/ide/fabric/resource/image/visuals_rd1/servicereference.png" interface="http://xmlns.oracle.com/bpmn/bpmnProcess/RestartLO#wsdl.interface(RestartLOPortType)" callbackInterface="http://xmlns.oracle.com/bpmn/bpmnProcess/RestartLO#wsdl.interface(RestartLOPortTypeCallBack)"/>
        <dgm:nodeIcon URI="/oracle/bpm/fusion/soa/msg/images/bpmncomponent20x20.png" X="10" Y="4" width="20" height="20"/>
    </dgm:gComponent>
    <dgm:gComponent name="AppVerificationTask">
        <dgm:body borderWidth="2" arcRad="20" X="741" Y="988" width="130" height="61">
            <dgm:borderColor r="109" g="136" b="65"/>
            <dgm:lightBgColor r="201" g="224" b="155"/>
            <dgm:darkBgColor r="157" g="195" b="93"/>
        </dgm:body>
        <dgm:shadow arcRad="20" X="731" Y="981" width="150" height="77">
            <dgm:bgColor r="196" g="228" b="240"/>
        </dgm:shadow>
        <dgm:inputPort name="TaskService" X="-10" Y="15" diameter="20" imageURI="oracle/tip/tools/ide/fabric/resource/image/visuals_rd1/servicereference.png" interface="http://xmlns.oracle.com/bpel/workflow/taskService#wsdl.interface(TaskService)" callbackInterface="http://xmlns.oracle.com/bpel/workflow/taskService#wsdl.interface(TaskServiceCallback)"/>
        <dgm:nodeIcon URI="/oracle/tip/tools/ide/workflow/resources/images/humantask_20x20.png" X="10" Y="4" width="20" height="20"/>
    </dgm:gComponent>
    <dgm:gWireLink source="LoanOrigination/NotificationService.ACT813866880967" target="BPM-NotificationService" width="2">
        <dgm:gSegment X1="638" Y1="925" X2="662" Y2="925"/>
        <dgm:gSegment X1="662" Y1="925" X2="662" Y2="663"/>
        <dgm:gSegment X1="662" Y1="663" X2="958" Y2="663"/>
        <dgm:baseColor r="153" g="153" b="153"/>
        <dgm:selectedColor r="49" g="106" b="196"/>
    </dgm:gWireLink>
    <dgm:gWireLink source="LoanOrigination/BackgroundCheck.reference" target="BackgroundCheck/BackgroundCheck.service" width="2">
        <dgm:gSegment X1="638" Y1="950" X2="677" Y2="950"/>
        <dgm:gSegment X1="677" Y1="950" X2="677" Y2="790"/>
        <dgm:gSegment X1="677" Y1="790" X2="731" Y2="790"/>
        <dgm:baseColor r="153" g="153" b="153"/>
        <dgm:selectedColor r="49" g="106" b="196"/>
    </dgm:gWireLink>
    <dgm:gWireLink source="BackOffice/BackOffice_BackOffice_Feedback.reference" target="PushToFeedbackQueue" width="2">
        <dgm:gSegment X1="395" Y1="138" X2="419" Y2="138"/>
        <dgm:gSegment X1="419" Y1="138" X2="419" Y2="36"/>
        <dgm:gSegment X1="419" Y1="36" X2="958" Y2="36"/>
        <dgm:baseColor r="153" g="153" b="153"/>
        <dgm:selectedColor r="49" g="106" b="196"/>
    </dgm:gWireLink>
    <dgm:gWireLink source="Web/LoanOrigination.reference" target="LoanOrigination/LoanOrigination.service" width="2">
        <dgm:gSegment X1="395" Y1="1245" X2="434" Y2="1245"/>
        <dgm:gSegment X1="434" Y1="1245" X2="434" Y2="925"/>
        <dgm:gSegment X1="434" Y1="925" X2="488" Y2="925"/>
        <dgm:baseColor r="153" g="153" b="153"/>
        <dgm:selectedColor r="49" g="106" b="196"/>
    </dgm:gWireLink>
    <dgm:gWireLink source="BackOffice/LoanOrigination.reference" target="LoanOrigination/LoanOrigination.service" width="2">
        <dgm:gSegment X1="395" Y1="163" X2="449" Y2="163"/>
        <dgm:gSegment X1="449" Y1="163" X2="449" Y2="925"/>
        <dgm:gSegment X1="449" Y1="925" X2="488" Y2="925"/>
        <dgm:baseColor r="153" g="153" b="153"/>
        <dgm:selectedColor r="49" g="106" b="196"/>
    </dgm:gWireLink>
    <dgm:gWireLink source="LoanOrigination/LoanOrigination.reference" target="LoanOrigination/LoanOrigination.service" width="2">
        <dgm:gSegment X1="638" Y1="975" X2="662" Y2="975"/>
        <dgm:gSegment X1="662" Y1="975" X2="662" Y2="1346"/>
        <dgm:gSegment X1="662" Y1="1346" X2="464" Y2="1346"/>
        <dgm:gSegment X1="464" Y1="1346" X2="464" Y2="925"/>
        <dgm:gSegment X1="464" Y1="925" X2="488" Y2="925"/>
        <dgm:baseColor r="153" g="153" b="153"/>
        <dgm:selectedColor r="49" g="106" b="196"/>
    </dgm:gWireLink>
    <dgm:gWireLink source="LoanOrigination/HumanTasks.AppVerificationTask.reference" target="AppVerificationTask/TaskService" width="2">
        <dgm:gSegment X1="638" Y1="1000" X2="707" Y2="1000"/>
        <dgm:gSegment X1="707" Y1="1000" X2="707" Y2="1013"/>
        <dgm:gSegment X1="707" Y1="1013" X2="731" Y2="1013"/>
        <dgm:baseColor r="153" g="153" b="153"/>
        <dgm:selectedColor r="49" g="106" b="196"/>
    </dgm:gWireLink>
    <dgm:gWireLink source="LoanOrigination/Services.Externals.CreditCheck.reference" target="CreditCheck" width="2">
        <dgm:gSegment X1="638" Y1="1025" X2="692" Y2="1025"/>
        <dgm:gSegment X1="692" Y1="1025" X2="692" Y2="1077"/>
        <dgm:gSegment X1="692" Y1="1077" X2="906" Y2="1077"/>
        <dgm:gSegment X1="906" Y1="1077" X2="906" Y2="991"/>
        <dgm:gSegment X1="906" Y1="991" X2="958" Y2="991"/>
        <dgm:baseColor r="153" g="153" b="153"/>
        <dgm:selectedColor r="49" g="106" b="196"/>
    </dgm:gWireLink>
    <dgm:gWireLink source="LoanOrigination/Services.Externals.FraudCheck.reference" target="FraudCheck" width="2">
        <dgm:gSegment X1="638" Y1="1050" X2="677" Y2="1050"/>
        <dgm:gSegment X1="677" Y1="1050" X2="677" Y2="1109"/>
        <dgm:gSegment X1="677" Y1="1109" X2="958" Y2="1109"/>
        <dgm:baseColor r="153" g="153" b="153"/>
        <dgm:selectedColor r="49" g="106" b="196"/>
    </dgm:gWireLink>
    <dgm:gWireLink source="BackgroundCheck.service" target="BackgroundCheck/BackgroundCheck.service" width="2">
        <dgm:gSegment X1="168" Y1="51" X2="692" Y2="51"/>
        <dgm:gSegment X1="692" Y1="51" X2="692" Y2="790"/>
        <dgm:gSegment X1="692" Y1="790" X2="731" Y2="790"/>
        <dgm:baseColor r="153" g="153" b="153"/>
        <dgm:selectedColor r="49" g="106" b="196"/>
    </dgm:gWireLink>
    <dgm:gWireLink source="RestartLO.service" target="RestartLO/RestartLO.service" width="2">
        <dgm:gSegment X1="168" Y1="925" X2="192" Y2="925"/>
        <dgm:gSegment X1="192" Y1="925" X2="192" Y2="958"/>
        <dgm:gSegment X1="192" Y1="958" X2="245" Y2="958"/>
        <dgm:baseColor r="153" g="153" b="153"/>
        <dgm:selectedColor r="49" g="106" b="196"/>
    </dgm:gWireLink>
    <dgm:gWireLink source="FraudIntruption.service" target="FraudIntruption/FraudIntruption.service" width="2">
        <dgm:gSegment X1="168" Y1="795" X2="192" Y2="795"/>
        <dgm:gSegment X1="192" Y1="795" X2="192" Y2="847"/>
        <dgm:gSegment X1="192" Y1="847" X2="245" Y2="847"/>
        <dgm:baseColor r="153" g="153" b="153"/>
        <dgm:selectedColor r="49" g="106" b="196"/>
    </dgm:gWireLink>
    <dgm:gWireLink source="Feedback.service" target="Feedback/Feedback.service" width="2">
        <dgm:gSegment X1="168" Y1="619" X2="245" Y2="619"/>
        <dgm:baseColor r="153" g="153" b="153"/>
        <dgm:selectedColor r="49" g="106" b="196"/>
    </dgm:gWireLink>
    <dgm:gWireLink source="BackOffice.service" target="BackOffice/BackOffice.service" width="2">
        <dgm:gSegment X1="168" Y1="184" X2="192" Y2="184"/>
        <dgm:gSegment X1="192" Y1="184" X2="192" Y2="138"/>
        <dgm:gSegment X1="192" Y1="138" X2="245" Y2="138"/>
        <dgm:baseColor r="153" g="153" b="153"/>
        <dgm:selectedColor r="49" g="106" b="196"/>
    </dgm:gWireLink>
    <dgm:gWireLink source="Web.service" target="Web/Web.service" width="2">
        <dgm:gSegment X1="168" Y1="1245" X2="245" Y2="1245"/>
        <dgm:baseColor r="153" g="153" b="153"/>
        <dgm:selectedColor r="49" g="106" b="196"/>
    </dgm:gWireLink>
    <dgm:gWireLink source="LoanOrigination.service" target="LoanOrigination/LoanOrigination.service" width="2">
        <dgm:gSegment X1="168" Y1="1055" X2="419" Y2="1055"/>
        <dgm:gSegment X1="419" Y1="1055" X2="419" Y2="925"/>
        <dgm:gSegment X1="419" Y1="925" X2="488" Y2="925"/>
        <dgm:baseColor r="153" g="153" b="153"/>
        <dgm:selectedColor r="49" g="106" b="196"/>
    </dgm:gWireLink>
</dgm:gDiagram>